SignID,Chapter,Arabic,English,Clips,In current vocabulary
1,Numbers,0,0,150,
2,Numbers,1,1,150,
3,Numbers,2,2,150,
4,Numbers,3,3,151,
5,Numbers,4,4,183,
6,Numbers,5,5,117,
7,Numbers,6,6,150,
8,Numbers,7,7,151,
9,Numbers,8,8,150,
10,Numbers,9,9,150,
11,Numbers,10,10,150,
12,Numbers,20,20,150,
13,Numbers,30,30,150,
14,Numbers,40,40,150,
15,Numbers,50,50,150,
16,Numbers,60,60,150,
17,Numbers,70,70,150,
18,Numbers,80,80,150,
19,Numbers,90,90,150,
20,Numbers,100,100,150,
21,Numbers,200,200,150,
22,Numbers,300,300,150,
23,Numbers,400,400,150,
24,Numbers,500,500,150,
25,Numbers,600,600,152,
26,Numbers,700,700,153,
27,Numbers,800,800,200,
28,Numbers,900,900,151,
29,Numbers,1000,1000,155,
30,Numbers,1000000,1000000,146,
31,Numbers,10000000,10000000,150,
32,Letters,ا,alif,150,
33,Letters,ب,baa,152,
34,Letters,ت,ta,150,
35,Letters,ث,tha,150,
36,Letters,ج,Jiim,158,
37,Letters,ح,Haa,149,
38,Letters,خ,kha,150,
39,Letters,د,daal,150,
40,Letters,ذ,thal,150,
41,Letters,ر,raa,150,
42,Letters,ز,zay,150,
43,Letters,س,siin,150,
44,Letters,ش,shiin,150,
45,Letters,ص,Saad,150,
46,Letters,ض,Daad,150,
47,Letters,ط,Taa,151,
48,Letters,ظ,Zaa,150,
49,Letters,ع,Ayn,150,
50,Letters,غ,ghayn,150,
51,Letters,ف,faa,150,
52,Letters,ق,qaaf,150,
53,Letters,ك,kaaf,150,
54,Letters,ل,laam,151,
55,Letters,م,miim,151,
56,Letters,ن,noon,150,
57,Letters,ه,haa,150,
58,Letters,و,waaw,150,
59,Letters,ي,yaa,160,
60,Letters,ة,taa marbuuTa,150,
61,Letters,أ,alif with hamza above,150,
62,Letters,ؤ,Waaw with hamza,150,
63,Letters,ئ,Alif maqsoura with hamza,150,
64,Letters,ئـ,hamza on line,150,
65,Letters,ء,hamza,152,
66,Letters,إ,alif with hamza below,152,
67,Letters,آ,ALif with maad,150,
68,Letters,ى,Alif maqsoura,150,
69,Letters,لا,laam Alif,150,
70,Letters,ال,Al,150,
71,Health,هيكل عظمي,Skeleton,150,
72,Health,جمجة,skull,150,
73,Health,عمود فقري,Backbone,152,
74,Health,قفص صدري,Chest,150,
75,Health,جهاز تنفسي,Respiratory device,150,
76,Health,قصبة هوائية,Trachea,150,
77,Health,رئتان,lungs,150,
78,Health,شهيق - زفير,Ins and Outs,150,
79,Health,جهاز هضمي,digestive system,150,
80,Health,وجه,Face,150,
81,Health,بلعوم,pharynx,150,
82,Health,كبد,liver,150,
83,Health,البنكرياس,pancreas,153,
84,Health,الأمعاء الدقيقة,Small intestine,150,
85,Health,الأمعاء الغليظة,Large intestine,150,
86,Health,الزائدة الدودية,Appendix,150,
87,Health,جهاز عصبي,nervous system,150,
88,Health,قلب,heart,151,
89,Health,حواس خمس,five senses,151,
90,Health,عضلة,muscle,151,
91,Health,أنسجة,tissue,151,
92,Health,مستشفى,hospital,150,yes
93,Health,إسعافات أولية,first aid,150,
94,Health,جرح نازف,wound,151,
95,Health,حروق,burning,150,
96,Health,مخدر/ بنج,anesthetist,150,
97,Health,عملية جراحية,surgery,154,
98,Health,شاش / ضمادة,gauze,150,
99,Health,شريط لاصق / بلاستر,adhesive tape,150,
100,Health,صيدلية,pharmacy,150,yes
101,Health,تحليل دم,blood analysis,150,
102,Health,فحص سريري,physical examination,152,
103,Health,فحص النظر,sight examination,150,
104,Health,ميزان حرارة,thermometer,159,
105,Health,سماعة أذن,stethoscope,145,
106,Health,جهاز قياس الضغط,sphygmometroscope,153,
107,Health,نبض القلب,pulse,150,
108,Health,تحليل طبي,analysis,150,
109,Health,معمل التحاليل / مختبر,analysis laboratory,150,
110,Health,صورة اشعة,ray photo,151,
111,Health,التهاب,inflammation,150,yes
112,Health,تورم,swelling,150,
113,Health,زكام,cold,150,yes
114,Health,عدوى,infection,150,
115,Health,صداع,headache,151,yes
116,Health,ألم,pain,150,yes
117,Health,حمى,fever,150,yes
118,Health,إسهال,diarrhea,150,
119,Health,إمساك,constipation,150,
120,Health,مغص,colic,150,yes
121,Health,مرض السكر / سكري,diabetes,153,
122,Health,أزمة قلبية,heart attack,151,
123,Health,سرطان,cancer,153,
124,Health,مرض فقدان المناعة / الإيدز,Aids,152,
125,Health,تساقط الشعر,Loss of hair,152,
126,Health,سكتة قلبية,Heart failure,153,
127,Health,شلل نصفي,hemiplegia,153,
128,Health,شلل دماغي,Cerebral paralysis,154,
129,Health,ضغط الدم,blood pressure,152,
130,Health,حساسية,allergy,153,yes
131,Health,حكة / هرش,itch,151,
132,Health,دواء,medicine,153,yes
133,Health,دورة شهرية,monthly circulation,152,
134,Health,مريض / مرض,sick,151,
135,Health,كبسولة,capsule,152,yes
136,Health,دواء شراب,liquid medicine,152,yes
137,Health,مرهم,ointment,153,yes
138,Health,قطارة,dropper,152,yes
139,Health,أخذ إبرة,acupuncture,152,
140,Health,تلقيح,pollination,154,
141,Health,تطعيم,inoculation,150,
142,Health,أشعة ليزر,laser ray,153,
143,Health,مخدرات,drug's,153,
144,Health,إدمان,addiction,153,
145,Health,توحد / أوتيزم,oneness,153,
146,Health,منغولي,mongoloid,152,
147,Health,بكتريا,bacterium,153,
148,Health,جرثومة,microbe,153,
149,Health,فيروس,virus,154,
150,Health,إنتشار,spread,152,
151,Health,إعاقة,hindrance,153,
152,Health,إعاقة ذهنية,mentality hindrance,152,
153,Health,اعاقة جسدية,physical disability,152,
154,Health,اعاقة بصرية,visual impairment,153,
155,Health,إعاقة سمعية,hearing hindrance,153,
156,Health,وباء,epidemic,154,
157,Health,مناعة,immunity,153,
158,Health,عصب,nerve,153,
159,Health,معافى,healthy,153,
160,Common verbs,يأكل,eat,152,yes
161,Common verbs,يشرب,drink,152,yes
162,Common verbs,ينام,sleep,151,
163,Common verbs,يستيقظ,wake up,125,
164,Common verbs,يسمع,hear,151,
165,Common verbs,يسكت,silence,151,
166,Common verbs,يشم,inhale,152,
167,Common verbs,يصعد,rise,151,
168,Common verbs,ينزل,descend,151,
169,Common verbs,يفتح,open,151,
170,Common verbs,يقفل ( يغلق ),close,155,
171,Common verbs,يبني,build,156,
172,Common verbs,يكسر,break,151,
173,Common verbs,يمشي,walk,150,
174,Common verbs,يحب,love,151,
175,Common verbs,يكره,hate,124,
176,Common verbs,يشوي,grill,151,
177,Common verbs,يحرث,plow,152,
178,Common verbs,يزرع,plant,151,
179,Common verbs,يسقي,irrigate,150,
180,Common verbs,يحصد,harvest,150,
181,Common verbs,يفكر,think,153,
182,Common verbs,يساعد,help,151,yes
183,Common verbs,يدخن,smoke,152,
184,Common verbs,يدعم,support,125,
185,Common verbs,يختار,choose,152,
186,Common verbs,ينادي,call,150,
187,Common verbs,يتنامى,grow,150,
188,Common verbs,يصبغ,dye,152,
189,Common verbs,يقف,stand,153,
190,Common verbs,يستحم,bathe,150,
191,Common verbs,يدخل,enter,151,
192,Family,أسرة,family,152,
193,Family,جدة,grandmother,150,
194,Family,جد,grandfather,150,
195,Family,أب,father,150,
196,Family,أم,mother,151,
197,Family,أخت,sister,150,
198,Family,أخ,brother,151,
199,Family,بنت,girl,150,
200,Family,رضيع,baby,150,
201,Family,توأم,twin,150,
202,Family,رجل,man,150,
203,Family,شاب,young man,150,
204,Family,شابة,young woman,153,
205,Family,حفيد,grandchild,150,
206,Family,زواج,wedding,150,
207,Family,حمل,pregnant,150,
208,Family,ولادة,childbirth,150,
209,Family,عم,uncle,151,
210,Family,عمة,aunt,150,
211,Family,خال,maternal uncle,150,
212,Family,خالة,maternal aunt,150,
213,Family,ابن الأخ,nephew,150,
214,Family,ابن الأخت,nephew,150,
215,Family,ابن العم,cousin,153,
216,Family,ابن,son,151,
217,Family,ابنة,daughter,151,
218,Family,ناس,people,150,
219,Family,طلاق,divorce,150,
220,Family,خطوبة,engagement,150,
221,Family,حفلة,party,152,
222,Family,وفاة,death,150,
223,Family,طفل,child,151,
224,Characteristics,جميل,beautiful,150,
225,Characteristics,قبيح,ugly,150,
226,Characteristics,طويل,long,150,
227,Characteristics,قصير,short,150,
228,Characteristics,نحيف,thin,150,
229,Characteristics,سمين,fat,150,
230,Characteristics,غني,rich,151,
231,Characteristics,فقير,poor,150,
232,Characteristics,محبط,offended,150,
233,Characteristics,مشمئز,disgusted,150,
234,Characteristics,مرتبك,confused,151,
235,Characteristics,قلق,worried,149,
236,Characteristics,مشوش,deranged,149,
237,Characteristics,خائف,afraid,151,
238,Characteristics,سعيد (مسرور),happy,150,
239,Characteristics,حزين,sad,150,
240,Characteristics,شجاع,courageous,159,
241,Characteristics,جبان,coward,149,
242,Characteristics,طموح,ambitious,151,
243,Characteristics,معجب,admirable,156,
244,Characteristics,غائر من,to be jealous of,150,
245,Characteristics,غائر على,to protect jealously,149,
246,Characteristics,ودود,affectionate,152,
247,Characteristics,كريم,generous,149,
248,Characteristics,بخيل,miserly,150,
249,Characteristics,طماع,greedy,152,
250,Characteristics,كذاب,liar,150,
251,Characteristics,أناني,selfish,152,
252,Characteristics,متكبر,proud,153,
253,Characteristics,متواضع,humble,150,
254,Characteristics,شعور,feeling,150,
255,Characteristics,تعب,tired,151,
256,Characteristics,بكاء,crying,150,
257,Characteristics,احتقار,contempt,151,
258,Characteristics,اعتماد على الذات,self-dependence,150,
259,Characteristics,خفيف,light,151,
260,Characteristics,ثقيل,heavy,150,
261,Characteristics,قديم,old,150,
262,Characteristics,حسد,envy,151,
263,Characteristics,صدق,believe,150,
264,Characteristics,غدر,betrayal,150,
265,Characteristics,صبر,patient,151,
266,Characteristics,لوم,blame,152,
267,Characteristics,الحق,truth,150,
268,Characteristics,خيانة,treason,150,
269,Characteristics,إيثار,preference,152,
270,Characteristics,تضحية,self sacrifice,151,
271,Characteristics,شفقة,pity,151,
272,Characteristics,ذكي,intelligent,150,
273,Directions and places,أمام,in front of,150,
274,Directions and places,بجانب,side,150,
275,Directions and places,بعيد,far,149,
276,Directions and places,بين,between,152,
277,Directions and places,تحت,under,150,
278,Directions and places,حول,around,148,
279,Directions and places,خارج,outside,150,
280,Directions and places,خلف,back,149,
281,Directions and places,داخل,inside,150,
282,Directions and places,فوق,up,151,
283,Directions and places,قريب,near,151,
284,Directions and places,من خلال,through,152,
285,Directions and places,هنا,here,150,
286,Directions and places,هناك,there,150,
287,Directions and places,يسار,left,152,
288,Directions and places,يمين,right,151,
289,Social relationships,أهلا وسهلاً,welcome,150,
290,Social relationships,السلام عليكم,greeting,152,yes
291,Social relationships,تفضل,here you are,151,
292,Social relationships,جار,neighbor,150,
293,Social relationships,شكراً,thanks,150,yes
294,Social relationships,صديق,friend,150,
295,Social relationships,ضيف,guest,151,
296,Social relationships,عدو,enemy,152,
297,Social relationships,عيب,fault,150,
298,Social relationships,هدية,gift,150,
299,In house,بيت,house,151,
300,In house,جدار,wall,151,
301,In house,سقف,roof,151,
302,In house,باب,door,150,
303,In house,شباك,window,152,
304,In house,غرفة,room,149,
305,In house,غرفة نوم,bedroom,153,
306,In house,سرير,bed,151,
307,In house,مرتبة سرير ( حشية),mattress,151,
308,In house,شرشف ( غطاء سرير),bedsheet,150,
309,In house,وسادة ( مخدة),pillow,150,
310,In house,شماعة ( مشجب),clothes rail,150,
311,In house,خزانة ملابس,wardrobe,151,
312,In house,مطبخ,kitchen,151,
313,In house,فرن غازي,Oven,151,
314,In house,بوتاغاز (طابخ),cooker,150,
315,In house,طبق ( صحن),dish,150,
316,In house,سكين,knife,150,
317,In house,شوكة,fork,150,
318,In house,ملعقة,spoon,150,
319,In house,فنجان,cupful,150,
320,In house,مجمد (فريزر),freezer,149,
321,In house,كأس ( كوب),cup,150,
322,In house,حافظ حرارة ( ترمس),thermos,150,
323,In house,غرفة طعام,food room,154,
324,In house,إبريق,pitcher,150,
325,In house,طاولة,table,150,
326,In house,كنكة ( دلة),dalah,150,
327,In house,دورة مياه (حمام),bathroom,151,
328,In house,كرسي,chair,154,
329,In house,غسالة,washing machine,149,
330,In house,منشفة,towel carpet,152,
331,In house,سجادة (زربية),carpet,151,
332,In house,موكيت ( فرش أرضي) moquette,moquette,150,
333,In house,ثريا (نجفة),chandelier,150,
334,In house,مسجل,cassette,150,
335,In house,شريط كاست,cassette tape,151,
336,In house,تلفزيون (تلفاز),television,149,
337,In house,طبق هوائي (دش),satellite,149,
338,In house,شريط فيديو,video tape,149,
339,In house,كاميرا فيديو,video camera,150,
340,In house,كاميرا فوتوغرافية,photo camera,150,
341,In house,هاتف ( تلفون),telephone,150,
342,In house,غرفة ضيوف,guests room,150,
343,In house,فيديو,video,150,
344,In house,مبخرة,censer,150,
345,In house,مدفأة,heater,150,
346,In house,مفتاح,key,150,
347,In house,مروحة,fan,150,
348,In house,تدفئة مركزية,central heater,125,
349,In house,كهرباء,electrics,150,
350,In house,مكيف,air conditioner,150,
351,In house,سلك كهربائي,wire,150,
352,In house,قابس كهربائي ( فيش),plug,150,
353,In house,حقيبة سفر,bag,151,
354,In house,مكواة,iron,150,
355,In house,ميزان حرارة جوي,thermometer,150,
356,Religion,الله تعالى,God,151,
357,Religion,محمد رسول الله,Muhammad is the Messenger of Allah,149,
358,Religion,عيسى المسيح,Essa Christ,150,
359,Religion,القرآن الكريم,The Holy Quran,150,
360,Religion,الخلفاء الراشدون,Rightly Guided Caliphs,150,
361,Religion,السنة النبوية,Sunnah,149,
362,Religion,أركان الإسلام,Pillars of Islam,150,
363,Religion,أركان الإيمان,Pillars of Faith,125,
364,Religion,الشهادتين,The two certificates,125,
365,Religion,يصلي / الصلاة,pray,150,
366,Religion,الزكاة,zakat,150,
367,Religion,الصوم,Fasting,153,
368,Religion,العمرة,Umrah,150,
369,Religion,الحج,Pilgrimage,150,
370,Religion,ملائكة,Angels,150,
371,Religion,رسول,messenger,150,
372,Religion,يوم القيامة,Doomsday,150,
373,Religion,القضاء والقدر,Fate and destiny,150,
374,Religion,أركان الصلاة,Pillars of prayer,150,
375,Religion,خير,Good,157,
376,Religion,النية,Intention,151,
377,Religion,شر,Evil,150,
378,Religion,طهارة,purity,150,
379,Religion,مبطلات الصلاة,Prayer invalidators,149,
380,Religion,تيمم,tayammum,150,
381,Religion,يتوضأ / وضوء,ablution,150,
382,Religion,يؤذن,authorized,150,
383,Religion,مسح على الخفين,Wipe on the slippers,150,
384,Religion,صلاة الفجر,Al-fajr prayer,150,
385,Religion,صلاة الظهر,Salat Aduher,150,
386,Religion,صلاة العصر,Asr prayer,151,
387,Religion,صلاة المغرب,Maghreb's prayer,126,
388,Religion,صلاة العشاء,eshaa pray,125,
389,Religion,خطبة,speech,150,
390,Religion,خطبة الجمعة,Friday sermon,150,
391,Religion,خطيب,Fiance,154,
392,Religion,خطبة العيد,Eid sermon,150,
393,Religion,مسجد,Mosque,151,
394,Religion,سورة,surah,150,
395,Religion,إمام,Before,150,
396,Religion,سورة الفاتحة,Al-Fatihah,150,
397,Religion,آية,any,150,
398,Religion,ليلة القدر,Night of Power,150,
399,Religion,عيد,Feast,150,
400,Religion,عيد الفطر,Eid al-Fitr,150,
401,Religion,عيد الأضحى,Eid al-Adha,149,
402,Religion,إحرام,Ihram,151,
403,Religion,مكة,Mecca,150,
404,Religion,الكعبة,Kaaba,150,
405,Religion,المدينة المنورة,Medina,150,
406,Religion,منى,Mona,150,
407,Religion,جبل عرفات,Arafat Mountain,151,
408,Religion,الصفا والمروة,Safa and Marwa,150,
409,Religion,مزدلفة,Muzdalifah,151,
410,Religion,رمي الجمرات,Throwing pebbles,150,
411,Religion,طواف,circumambulation,150,
412,Religion,ماء زمزم,Zamzam water,150,
413,Religion,الأضحية,the sacrifice,150,
414,Religion,فك الإحرام,break the ihram,149,
415,Religion,طواف الوداع,farewell circumambulation,150,
416,Religion,المسجد الأقصى,Al-Aqsa Mosque,150,
417,Religion,يسبح,swim,151,
418,Religion,الحمد لله,Thank God,150,
419,Religion,سبحان الله,How great is our God,153,
420,Religion,إيمان,Faith,149,
421,Religion,الشرك بالله,Polytheism,150,
422,Religion,أعوذ بالله,I seek refuge in God,148,
423,Religion,شيطان,Satan,150,
424,Religion,جن,genie,152,
425,Religion,الضالون,the lost,151,
426,Religion,المغضوب عليهم,angered them,150,
427,Religion,صنم,fetish,157,
428,Religion,زنى,fornication,150,
429,Religion,الجنة,the Paradise,150,
430,Religion,النار,fire,149,
431,Religion,روح,spirit,152,
432,Religion,حقوق,rights,151,
433,Religion,واجبات,Duties,149,
434,Religion,حسنات,Deeds,150,
435,Religion,سيئات,sins,151,
436,Religion,حلال,halal,148,
437,Religion,حرام,forbidden,150,
438,Religion,مغفرة,forgiveness,150,
439,Religion,دين,religion,150,
440,Religion,مسيحي,Christian,151,
441,Religion,يهودي,Jewish,151,
442,Religion,كنيسة,church,151,
443,Religion,إسراء ومعراج,Isra and Miraj,150,
444,Religion,حواء,Eve,150,
445,Religion,آدم,Adam,148,
446,Religion,صدقة,charity,149,
447,Religion,نبي,Prophet,148,
448,Religion,هداية,guidance,149,
449,Religion,أمانة,honesty,149,
450,Religion,شهيد,martyr,151,
451,Religion,حقوق الوالدين,Parental rights,150,
452,Religion,عقوق الوالدين,Disobedience to parents,150,
453,Religion,مسلم,Muslim,152,
454,Religion,رحمة,Mercy,151,
455,Religion,عيد رأس السنة,New Year's Holiday,150,
456,Religion,فروض,homework,149,
457,Religion,قبة الصخرة,Dome of the Rock,153,
458,Religion,خلق,Create,152,
459,Jobs and professions,مهندس,engineer,151,
460,Jobs and professions,مصور فوتوغرافي,photographer,152,
461,Jobs and professions,جزار / قصاب,Meat man,152,
462,Jobs and professions,سائق,driver,151,
463,Jobs and professions,صائغ,jeweler,150,
464,Jobs and professions,خادم,servant,151,
465,Jobs and professions,رئيس قسم,chairman,151,
466,Jobs and professions,حداد,blacksmith,151,
467,Jobs and professions,لحام كهربائي,weld,151,
468,Jobs and professions,مترجم لغة الإشارة,Sign language translator,150,
469,Jobs and professions,مذيع,announcer,151,
470,Jobs and professions,مترجم لغات,translator,151,
471,Jobs and professions,مدير,manager,151,
472,Jobs and professions,سفير,ambassador,150,
473,Jobs and professions,وزير,minister,152,
474,Jobs and professions,ملك / سلطان,King,151,
475,Jobs and professions,أمير البلاد / رئيس الجمهورية,Premier Minister,151,
476,Jobs and professions,شيخ,sheikh,151,
477,Jobs and professions,محافظ / وال,governor,150,
478,Jobs and professions,ولي عهد / وكيل وزارة,under secretary of state,152,
479,Jobs and professions,رئيس مجلس الشعب (النواب),speaker,152,
480,Jobs and professions,أمين عام,general secretary,153,
481,Jobs and professions,صحفي,journalist,151,
482,Jobs and professions,رسام,draftsman,150,
483,Jobs and professions,خياط / تارزي,tailor,149,
484,Jobs and professions,ضابط,policeman,151,
485,Jobs and professions,طيار,pilot,150,
486,Jobs and professions,جندي,soldier,151,
487,Jobs and professions,حلاق,barber,151,
488,Jobs and professions,صباغ,dyer,151,
489,Jobs and professions,رجل إطفاء / دفاع مدني,fireman,151,
490,Jobs and professions,نجار,carpenter,151,
491,Jobs and professions,معلم / مدرس,teacher,151,
492,Jobs and professions,طباخ,chef,152,
493,Jobs and professions,فلاح,farmer,151,
494,Jobs and professions,موظف,agent,151,
495,Jobs and professions,أمين صندوق,treasurer,148,
496,Jobs and professions,صيدلي,pharmacist,150,
497,Jobs and professions,طبيب,doctor,151,yes
498,Jobs and professions,ممرضة,nurse,150,
499,Jobs and professions,ممرض,orderly,168,
500,Jobs and professions,محام,lawyer,147,
501,Jobs and professions,انتقال,traveling,149,
502,Jobs and professions,تعيين,appointment,150,
